,ds,trend,yhat_lower,yhat_upper,trend_lower,trend_upper,additive_terms,additive_terms_lower,additive_terms_upper,weekly,weekly_lower,weekly_upper,multiplicative_terms,multiplicative_terms_lower,multiplicative_terms_upper,yhat
0,2020-01-22,-8385.014594957396,-161075.55268866266,114642.84225425165,-8385.014594957396,-8385.014594957396,-7006.208342777242,-7006.208342777242,-7006.208342777242,-7006.208342777242,-7006.208342777242,-7006.208342777242,0.0,0.0,0.0,-15391.222937734638
1,2020-01-23,-5659.222760549069,-133056.09818418958,143913.59632614395,-5659.222760549068,-5659.222760549069,148.08121888605717,148.08121888605717,148.08121888605717,148.08121888605717,148.08121888605717,148.08121888605717,0.0,0.0,0.0,-5511.141541663012
2,2020-01-24,-2933.4309261407416,-99516.13661839915,145200.07513638324,-2933.4309261407416,-2933.4309261407416,14138.298516659675,14138.298516659675,14138.298516659675,14138.298516659675,14138.298516659675,14138.298516659675,0.0,0.0,0.0,11204.867590518934
3,2020-01-25,-207.6390917324165,-129403.4180124318,140126.87113233752,-207.6390917324165,-207.6390917324165,16296.429360892882,16296.429360892882,16296.429360892882,16296.429360892882,16296.429360892882,16296.429360892882,0.0,0.0,0.0,16088.790269160465
4,2020-01-26,2518.152742675912,-131993.9586768743,131325.57724032088,2518.152742675912,2518.152742675912,2080.222820999255,2080.222820999255,2080.222820999255,2080.222820999255,2080.222820999255,2080.222820999255,0.0,0.0,0.0,4598.375563675167
5,2020-01-27,5243.944577084236,-136018.36916035856,122297.41378138193,5243.944577084236,5243.944577084236,-10999.42501951428,-10999.42501951428,-10999.42501951428,-10999.42501951428,-10999.42501951428,-10999.42501951428,0.0,0.0,0.0,-5755.480442430044
6,2020-01-28,7969.736411492562,-129265.75052496897,138692.99613705353,7969.736411492562,7969.736411492562,-14657.398555102152,-14657.398555102152,-14657.398555102152,-14657.398555102152,-14657.398555102152,-14657.398555102152,0.0,0.0,0.0,-6687.66214360959
7,2020-01-29,10695.528245900889,-156162.02600546757,141228.72823816107,10695.528245900889,10695.528245900889,-7006.208342773738,-7006.208342773738,-7006.208342773738,-7006.208342773738,-7006.208342773738,-7006.208342773738,0.0,0.0,0.0,3689.3199031271506
8,2020-01-30,13421.320080309219,-117300.34981586644,138272.7538706293,13421.320080309219,13421.320080309219,148.08121889114307,148.08121889114307,148.08121889114307,148.08121889114307,148.08121889114307,148.08121889114307,0.0,0.0,0.0,13569.40129920036
9,2020-01-31,16147.106233425293,-103566.0434062616,171073.6599261848,16147.106233425293,16147.106233425293,14138.298516615987,14138.298516615987,14138.298516615987,14138.298516615987,14138.298516615987,14138.298516615987,0.0,0.0,0.0,30285.404750041278
10,2020-02-01,18872.89238654137,-97919.34353181103,156802.4239832823,18872.89238654137,18872.89238654137,16296.429360881688,16296.429360881688,16296.429360881688,16296.429360881688,16296.429360881688,16296.429360881688,0.0,0.0,0.0,35169.32174742306
11,2020-02-02,21598.67853965745,-103738.7175503564,162716.40067742448,21598.67853965745,21598.67853965745,2080.222820984377,2080.222820984377,2080.222820984377,2080.222820984377,2080.222820984377,2080.222820984377,0.0,0.0,0.0,23678.901360641827
12,2020-02-03,24324.46469277352,-98590.771291218,136109.2635361899,24324.464692773516,24324.46469277352,-10999.425019485434,-10999.425019485434,-10999.425019485434,-10999.425019485434,-10999.425019485434,-10999.425019485434,0.0,0.0,0.0,13325.039673288085
13,2020-02-04,27050.250845889597,-113907.3876428185,160698.8801298815,27050.250845889597,27050.250845889597,-14657.398555100212,-14657.398555100212,-14657.398555100212,-14657.398555100212,-14657.398555100212,-14657.398555100212,0.0,0.0,0.0,12392.852290789386
14,2020-02-05,29776.036999005675,-106039.36179901482,147850.727106971,29776.03699900567,29776.036999005675,-7006.208342767619,-7006.208342767619,-7006.208342767619,-7006.208342767619,-7006.208342767619,-7006.208342767619,0.0,0.0,0.0,22769.828656238056
15,2020-02-06,32501.823152121753,-95207.44135735638,152723.85368612193,32501.823152121753,32501.823152121753,148.08121885756125,148.08121885756125,148.08121885756125,148.08121885756125,148.08121885756125,148.08121885756125,0.0,0.0,0.0,32649.904370979315
16,2020-02-07,35227.609305237835,-84506.4131413374,175266.2587740818,35227.609305237835,35227.609305237835,14138.298516629286,14138.298516629286,14138.298516629286,14138.298516629286,14138.298516629286,14138.298516629286,0.0,0.0,0.0,49365.90782186712
17,2020-02-08,37953.38537889239,-85117.11837984002,185944.91107524303,37953.38537889239,37953.38537889239,16296.429360887025,16296.429360887025,16296.429360887025,16296.429360887025,16296.429360887025,16296.429360887025,0.0,0.0,0.0,54249.81473977941
18,2020-02-09,40679.16145254695,-89640.42378823303,162294.39364921898,40679.16145254695,40679.16145254695,2080.222820969498,2080.222820969498,2080.222820969498,2080.222820969498,2080.222820969498,2080.222820969498,0.0,0.0,0.0,42759.38427351644
19,2020-02-10,43404.9375262015,-85895.16084626612,137189.94456696406,43404.9375262015,43404.9375262015,-10999.42501949586,-10999.42501949586,-10999.42501949586,-10999.42501949586,-10999.42501949586,-10999.42501949586,0.0,0.0,0.0,32405.512506705643
20,2020-02-11,46130.713599856055,-117865.48797512936,151450.09494261816,46130.713599856055,46130.713599856055,-14657.398555111928,-14657.398555111928,-14657.398555111928,-14657.398555111928,-14657.398555111928,-14657.398555111928,0.0,0.0,0.0,31473.31504474413
21,2020-02-12,48856.48967351061,-89820.62360946884,164543.8926305701,48856.4896735106,48856.48967351061,-7006.208342761496,-7006.208342761496,-7006.208342761496,-7006.208342761496,-7006.208342761496,-7006.208342761496,0.0,0.0,0.0,41850.281330749116
22,2020-02-13,51582.26574716517,-88961.52858975733,207473.01044644165,51582.26574716516,51582.26574716517,148.08121886264712,148.08121886264712,148.08121886264712,148.08121886264712,148.08121886264712,148.08121886264712,0.0,0.0,0.0,51730.34696602781
23,2020-02-14,54308.04182081972,-57858.21834172076,203323.69503058406,54308.04182081972,54308.04182081972,14138.298516635374,14138.298516635374,14138.298516635374,14138.298516635374,14138.298516635374,14138.298516635374,0.0,0.0,0.0,68446.3403374551
24,2020-02-15,56789.086804929444,-81896.13124685088,210203.37506650196,56789.08680492944,56789.086804929444,16296.42936087583,16296.42936087583,16296.42936087583,16296.42936087583,16296.42936087583,16296.42936087583,0.0,0.0,0.0,73085.51616580528
25,2020-02-16,59270.13178903916,-61579.44495322579,213045.7328112651,59270.13178903915,59270.13178903916,2080.2228209623026,2080.2228209623026,2080.2228209623026,2080.2228209623026,2080.2228209623026,2080.2228209623026,0.0,0.0,0.0,61350.354610001465
26,2020-02-17,61751.17677314889,-84158.37003648249,222927.51118474675,61751.17677314888,61751.17677314889,-10999.425019495131,-10999.425019495131,-10999.425019495131,-10999.425019495131,-10999.425019495131,-10999.425019495131,0.0,0.0,0.0,50751.751753653756
27,2020-02-18,64232.2217572586,-66503.22359187885,195650.50373170065,64232.221757258594,64232.2217572586,-14657.39855510762,-14657.39855510762,-14657.39855510762,-14657.39855510762,-14657.39855510762,-14657.39855510762,0.0,0.0,0.0,49574.82320215098
28,2020-02-19,66713.26674136832,-89928.80999688656,169945.91831153346,66713.26674136831,66713.26674136832,-7006.2083427579955,-7006.2083427579955,-7006.2083427579955,-7006.2083427579955,-7006.2083427579955,-7006.2083427579955,0.0,0.0,0.0,59707.05839861033
29,2020-02-20,69194.31172547804,-74876.48346613857,184934.49452964467,69194.31172547804,69194.31172547804,148.08121887246182,148.08121887246182,148.08121887246182,148.08121887246182,148.08121887246182,148.08121887246182,0.0,0.0,0.0,69342.3929443505
30,2020-02-21,71675.35670958777,-53996.784763521115,213424.84981557302,71675.35670958777,71675.35670958777,14138.29851664146,14138.29851664146,14138.29851664146,14138.29851664146,14138.29851664146,14138.29851664146,0.0,0.0,0.0,85813.65522622922
31,2020-02-22,74156.40169369748,-27446.904012693463,218519.4281738485,74156.40169369747,74156.40169369748,16296.429360899394,16296.429360899394,16296.429360899394,16296.429360899394,16296.429360899394,16296.429360899394,0.0,0.0,0.0,90452.83105459687
32,2020-02-23,76637.42662697328,-70785.47500983858,197559.17196888634,76637.42662697326,76637.42662697328,2080.222820939743,2080.222820939743,2080.222820939743,2080.222820939743,2080.222820939743,2080.222820939743,0.0,0.0,0.0,78717.64944791302
33,2020-02-24,79118.45156024907,-56150.3893996967,215174.99425105756,79118.45156024906,79118.45156024907,-10999.425019505556,-10999.425019505556,-10999.425019505556,-10999.425019505556,-10999.425019505556,-10999.425019505556,0.0,0.0,0.0,68119.02654074352
34,2020-02-25,81599.47649352485,-68879.61949025549,205086.55281955027,81599.47649352485,81599.47649352485,-14657.398555108048,-14657.398555108048,-14657.398555108048,-14657.398555108048,-14657.398555108048,-14657.398555108048,0.0,0.0,0.0,66942.0779384168
35,2020-02-26,84080.50142680062,-57825.85905005282,209199.14702048374,84080.50142680062,84080.50142680062,-7006.208342751873,-7006.208342751873,-7006.208342751873,-7006.208342751873,-7006.208342751873,-7006.208342751873,0.0,0.0,0.0,77074.29308404875
36,2020-02-27,86561.52636007644,-64775.1582532149,242614.47949385582,86561.52636007644,86561.52636007644,148.08121882942257,148.08121882942257,148.08121882942257,148.08121882942257,148.08121882942257,148.08121882942257,0.0,0.0,0.0,86709.60757890587
37,2020-02-28,89042.55129335221,-24403.59154825019,221475.29889952854,89042.55129335221,89042.55129335221,14138.298516647548,14138.298516647548,14138.298516647548,14138.298516647548,14138.298516647548,14138.298516647548,0.0,0.0,0.0,103180.84980999975
38,2020-02-29,91523.576226628,-8597.231855697157,274517.0705099164,91523.576226628,91523.576226628,16296.4293608882,16296.4293608882,16296.4293608882,16296.4293608882,16296.4293608882,16296.4293608882,0.0,0.0,0.0,107820.0055875162
39,2020-03-01,94004.6011599038,-29850.994296283396,223435.30214110666,94004.6011599038,94004.6011599038,2080.222821004856,2080.222821004856,2080.222821004856,2080.222821004856,2080.222821004856,2080.222821004856,0.0,0.0,0.0,96084.82398090867
40,2020-03-02,96495.56341460801,-34118.1967663956,217789.99958389736,96495.56341460801,96495.56341460801,-10999.425019510405,-10999.425019510405,-10999.425019510405,-10999.425019510405,-10999.425019510405,-10999.425019510405,0.0,0.0,0.0,85496.1383950976
41,2020-03-03,98986.52566931225,-31030.472473578244,222670.00257102074,98986.52566931225,98986.52566931225,-14657.39855510374,-14657.39855510374,-14657.39855510374,-14657.39855510374,-14657.39855510374,-14657.39855510374,0.0,0.0,0.0,84329.1271142085
42,2020-03-04,101477.48792401646,-35107.24773647968,222050.65665044094,101477.48792401646,101477.48792401646,-7006.208342775204,-7006.208342775204,-7006.208342775204,-7006.208342775204,-7006.208342775204,-7006.208342775204,0.0,0.0,0.0,94471.27958124125
43,2020-03-05,103968.45017872068,-38585.26055207638,231081.22149521412,103968.45017872067,103968.45017872068,148.0812188439659,148.0812188439659,148.0812188439659,148.0812188439659,148.0812188439659,148.0812188439659,0.0,0.0,0.0,104116.53139756464
44,2020-03-06,106459.41243342489,2204.069715555664,241685.23483522912,106459.41243342489,106459.41243342489,14138.298516660849,14138.298516660849,14138.298516660849,14138.298516660849,14138.298516660849,14138.298516660849,0.0,0.0,0.0,120597.71095008575
45,2020-03-07,108950.37468812913,-13768.631415777716,254709.80406584794,108950.37468812912,108950.37468812913,16296.429360893533,16296.429360893533,16296.429360893533,16296.429360893533,16296.429360893533,16296.429360893533,0.0,0.0,0.0,125246.80404902267
46,2020-03-08,111441.33694283334,-24160.067446613823,244576.8676440933,111441.33694283332,111441.33694283334,2080.22282099766,2080.22282099766,2080.22282099766,2080.22282099766,2080.22282099766,2080.22282099766,0.0,0.0,0.0,113521.559763831
47,2020-03-09,113932.2991975375,-27934.353018186015,245954.14414242018,113932.2991975375,113932.2991975375,-10999.42501948156,-10999.42501948156,-10999.42501948156,-10999.42501948156,-10999.42501948156,-10999.42501948156,0.0,0.0,0.0,102932.87417805595
48,2020-03-10,122551.40090666954,-43625.01735245345,229246.88616041938,122551.40090666953,122551.40090666954,-14657.398555101798,-14657.398555101798,-14657.398555101798,-14657.398555101798,-14657.398555101798,-14657.398555101798,0.0,0.0,0.0,107894.00235156775
49,2020-03-11,131170.50261580164,-29630.880525063007,263008.0827508475,131170.50261580164,131170.50261580164,-7006.208342770393,-7006.208342770393,-7006.208342770393,-7006.208342770393,-7006.208342770393,-7006.208342770393,0.0,0.0,0.0,124164.29427303125
50,2020-03-12,139789.60432493367,2985.811539074047,264610.6369852528,139789.60432493367,139789.60432493367,148.081218849052,148.081218849052,148.081218849052,148.081218849052,148.081218849052,148.081218849052,0.0,0.0,0.0,139937.68554378272
51,2020-03-13,148408.70603406572,38821.908823418846,294743.7000754939,148408.70603406572,148408.70603406572,14138.298516659725,14138.298516659725,14138.298516659725,14138.298516659725,14138.298516659725,14138.298516659725,0.0,0.0,0.0,162547.00455072545
52,2020-03-14,157027.80774319769,51335.70505719244,325765.1529109954,157027.80774319766,157027.80774319769,16296.42936088234,16296.42936088234,16296.42936088234,16296.42936088234,16296.42936088234,16296.42936088234,0.0,0.0,0.0,173324.23710408004
53,2020-03-15,165646.9094523298,27245.782222115806,285714.66309337475,165646.9094523298,165646.9094523298,2080.2228209827813,2080.2228209827813,2080.2228209827813,2080.2228209827813,2080.2228209827813,2080.2228209827813,0.0,0.0,0.0,167727.13227331257
54,2020-03-16,174266.01116146182,16825.360719028376,291350.2608303897,174266.01116146182,174266.01116146182,-10999.425019486407,-10999.425019486407,-10999.425019486407,-10999.425019486407,-10999.425019486407,-10999.425019486407,0.0,0.0,0.0,163266.58614197542
55,2020-03-17,182885.11287059364,26803.616600597026,296200.5152290227,182885.1128705936,182885.11287059364,-14657.398555097488,-14657.398555097488,-14657.398555097488,-14657.398555097488,-14657.398555097488,-14657.398555097488,0.0,0.0,0.0,168227.71431549615
56,2020-03-18,215985.3918605128,73245.36622663171,331676.39641441323,215985.39186051278,215985.3918605128,-7006.208342765579,-7006.208342765579,-7006.208342765579,-7006.208342765579,-7006.208342765579,-7006.208342765579,0.0,0.0,0.0,208979.18351774724
57,2020-03-19,249085.67085043222,111030.77733297837,382094.3638542661,249085.6708504322,249085.67085043222,148.08121885413786,148.08121885413786,148.08121885413786,148.08121885413786,148.08121885413786,148.08121885413786,0.0,0.0,0.0,249233.75206928636
58,2020-03-20,282185.9498403516,160455.45907576993,424526.39232617524,282185.9498403516,282185.9498403516,14138.298516630457,14138.298516630457,14138.298516630457,14138.298516630457,14138.298516630457,14138.298516630457,0.0,0.0,0.0,296324.248356982
59,2020-03-21,315286.228830271,204158.14471144648,465095.380512083,315286.22883027093,315286.228830271,16296.42936087941,16296.42936087941,16296.42936087941,16296.42936087941,16296.42936087941,16296.42936087941,0.0,0.0,0.0,331582.6581911504
60,2020-03-22,348386.5078201904,220428.46339044796,500895.3936177746,348386.5078201904,348386.5078201904,2080.222820967904,2080.222820967904,2080.222820967904,2080.222820967904,2080.222820967904,2080.222820967904,0.0,0.0,0.0,350466.7306411583
61,2020-03-23,381486.78681010957,237384.08262758085,514026.2505720266,381486.78681010957,381486.78681010957,-10999.425019496832,-10999.425019496832,-10999.425019496832,-10999.425019496832,-10999.425019496832,-10999.425019496832,0.0,0.0,0.0,370487.36179061275
62,2020-03-24,414587.0658000283,278527.1566302268,535475.6079997469,414587.0658000283,414587.0658000283,-14657.398555097914,-14657.398555097914,-14657.398555097914,-14657.398555097914,-14657.398555097914,-14657.398555097914,0.0,0.0,0.0,399929.66724493034
63,2020-03-25,481347.33723178273,342544.98890661064,600792.6829917614,481347.33723178273,481347.33723178273,-7006.208342787601,-7006.208342787601,-7006.208342787601,-7006.208342787601,-7006.208342787601,-7006.208342787601,0.0,0.0,0.0,474341.12888899515
64,2020-03-26,548107.608663538,395521.887845913,662142.2603968813,548107.608663538,548107.608663538,148.0812188686815,148.0812188686815,148.0812188686815,148.0812188686815,148.0812188686815,148.0812188686815,0.0,0.0,0.0,548255.6898824067
65,2020-03-27,614867.8800952925,508635.4199724818,747037.083306103,614867.8800952923,614867.8800952925,14138.298516636545,14138.298516636545,14138.298516636545,14138.298516636545,14138.298516636545,14138.298516636545,0.0,0.0,0.0,629006.1786119291
66,2020-03-28,681628.1515270469,581163.8409481205,815256.468657301,681628.1515270469,681628.1515270469,16296.429360876482,16296.429360876482,16296.429360876482,16296.429360876482,16296.429360876482,16296.429360876482,0.0,0.0,0.0,697924.5808879234
67,2020-03-29,748388.4229588013,630718.2422966663,883343.4684748233,748388.4229588013,748388.4229588013,2080.2228209530253,2080.2228209530253,2080.2228209530253,2080.2228209530253,2080.2228209530253,2080.2228209530253,0.0,0.0,0.0,750468.6457797543
68,2020-03-30,815148.6943905557,684827.3667813621,931746.047802502,815148.6943905556,815148.6943905557,-10999.425019496102,-10999.425019496102,-10999.425019496102,-10999.425019496102,-10999.425019496102,-10999.425019496102,0.0,0.0,0.0,804149.2693710596
69,2020-03-31,881908.9658223093,725167.3649057553,994157.2124532076,881908.9658223093,881908.9658223093,-14657.398555107264,-14657.398555107264,-14657.398555107264,-14657.398555107264,-14657.398555107264,-14657.398555107264,0.0,0.0,0.0,867251.567267202
70,2020-04-01,948669.2372540646,800767.9313639556,1064816.2336927839,948669.2372540645,948669.2372540646,-7006.208342782791,-7006.208342782791,-7006.208342782791,-7006.208342782791,-7006.208342782791,-7006.208342782791,0.0,0.0,0.0,941663.0289112818
71,2020-04-02,1029235.5276761436,912306.6694146099,1146496.1967305313,1029235.5276761435,1029235.5276761436,148.08121887376737,148.08121887376737,148.08121887376737,148.08121887376737,148.08121887376737,148.08121887376737,0.0,0.0,0.0,1029383.6088950173
72,2020-04-03,1109801.8180982233,986172.5191922806,1255314.9847224734,1109801.8180982233,1109801.8180982233,14138.29851664984,14138.29851664984,14138.29851664984,14138.29851664984,14138.29851664984,14138.29851664984,0.0,0.0,0.0,1123940.116614873
73,2020-04-04,1190368.1085203032,1078367.369386095,1343816.739793432,1190368.108520303,1190368.1085203032,16296.429360900049,16296.429360900049,16296.429360900049,16296.429360900049,16296.429360900049,16296.429360900049,0.0,0.0,0.0,1206664.5378812032
74,2020-04-05,1270934.398942382,1130835.6681921696,1400068.5401302148,1270934.398942382,1270934.398942382,2080.2228210181383,2080.2228210181383,2080.2228210181383,2080.2228210181383,2080.2228210181383,2080.2228210181383,0.0,0.0,0.0,1273014.6217634003
75,2020-04-06,1351500.689364461,1192894.1196202473,1457310.6218367494,1351500.6893644608,1351500.689364461,-10999.425019506529,-10999.425019506529,-10999.425019506529,-10999.425019506529,-10999.425019506529,-10999.425019506529,0.0,0.0,0.0,1340501.2643449544
76,2020-04-07,1432066.9797865408,1287263.6918411513,1546785.127620548,1432066.9797865408,1432066.9797865408,-14657.398555105323,-14657.398555105323,-14657.398555105323,-14657.398555105323,-14657.398555105323,-14657.398555105323,0.0,0.0,0.0,1417409.5812314355
77,2020-04-08,1512633.2702086198,1399518.9090526793,1638754.651400501,1512633.2702086195,1512633.2702086198,-7006.208342777978,-7006.208342777978,-7006.208342777978,-7006.208342777978,-7006.208342777978,-7006.208342777978,0.0,0.0,0.0,1505627.0618658417
78,2020-04-09,1593199.5606306987,1473860.3545036279,1731671.0522941176,1593199.5606306987,1593199.5606306987,148.08121888358218,148.08121888358218,148.08121888358218,148.08121888358218,148.08121888358218,148.08121888358218,0.0,0.0,0.0,1593347.6418495823
79,2020-04-10,1673765.8520484604,1542777.8137462903,1825336.0391201805,1673765.8520484604,1673765.8520484604,14138.298516648718,14138.298516648718,14138.298516648718,14138.298516648718,14138.298516648718,14138.298516648718,0.0,0.0,0.0,1687904.1505651092
80,2020-04-11,1754332.143466223,1617083.0192281213,1892774.4710214203,1754332.143466223,1754332.143466223,16296.429360888855,16296.429360888855,16296.429360888855,16296.429360888855,16296.429360888855,16296.429360888855,0.0,0.0,0.0,1770628.572827112
81,2020-04-12,1834898.4348839854,1698072.7027683281,1958802.3483451693,1834898.4348839852,1834898.4348839854,2080.222820995579,2080.222820995579,2080.222820995579,2080.222820995579,2080.222820995579,2080.222820995579,0.0,0.0,0.0,1836978.657704981
82,2020-04-13,1915464.7263017474,1767504.496721123,2027610.3538878774,1915464.7263017474,1915464.7263017474,-10999.425019516955,-10999.425019516955,-10999.425019516955,-10999.425019516955,-10999.425019516955,-10999.425019516955,0.0,0.0,0.0,1904465.3012822305
83,2020-04-14,1996031.0177195098,1851026.1577009861,2119815.4079094175,1996031.0177195095,1996031.0177195098,-14657.398555103384,-14657.398555103384,-14657.398555103384,-14657.398555103384,-14657.398555103384,-14657.398555103384,0.0,0.0,0.0,1981373.6191644063
84,2020-04-15,2076597.3091372717,1929319.5434047221,2191671.66520778,2076597.3091372717,2076597.3091372717,-7006.208342773164,-7006.208342773164,-7006.208342773164,-7006.208342773164,-7006.208342773164,-7006.208342773164,0.0,0.0,0.0,2069591.1007944986
85,2020-04-16,2157163.6005550334,2017579.4166870844,2302532.867358339,2157163.6005550334,2157163.6005550334,148.08121884527154,148.08121884527154,148.08121884527154,148.08121884527154,148.08121884527154,148.08121884527154,0.0,0.0,0.0,2157311.6817738786
86,2020-04-17,2237729.891972795,2138071.225259005,2382945.719342476,2237729.891972795,2237729.891972795,14138.298516662016,14138.298516662016,14138.298516662016,14138.298516662016,14138.298516662016,14138.298516662016,0.0,0.0,0.0,2251868.190489457
87,2020-04-18,2318124.503676926,2197933.626526624,2460626.0608209223,2318124.503676926,2318124.503676926,16296.429360894188,16296.429360894188,16296.429360894188,16296.429360894188,16296.429360894188,16296.429360894188,0.0,0.0,0.0,2334420.93303782
88,2020-04-19,2398519.115381057,2256253.60848815,2544873.60550492,2398519.1153810564,2398519.115381057,2080.2228209883824,2080.2228209883824,2080.2228209883824,2080.2228209883824,2080.2228209883824,2080.2228209883824,0.0,0.0,0.0,2400599.3382020453
89,2020-04-20,2478913.7270851885,2320503.5478933947,2600648.506757546,2478913.7270851885,2478913.7270851885,-10999.425019521803,-10999.425019521803,-10999.425019521803,-10999.425019521803,-10999.425019521803,-10999.425019521803,0.0,0.0,0.0,2467914.3020656668
90,2020-04-21,2559308.338789319,2426003.996309134,2687152.9056421695,2559308.338789319,2559308.338789319,-14657.398555115102,-14657.398555115102,-14657.398555115102,-14657.398555115102,-14657.398555115102,-14657.398555115102,0.0,0.0,0.0,2544650.940234204
91,2020-04-22,2639702.95049345,2493865.339819953,2773448.3122215066,2639702.9504934493,2639702.95049345,-7006.208342767047,-7006.208342767047,-7006.208342767047,-7006.208342767047,-7006.208342767047,-7006.208342767047,0.0,0.0,0.0,2632696.742150683
92,2020-04-23,2720097.56219758,2589388.8150610197,2861425.829148353,2720097.56219758,2720097.56219758,148.08121885508635,148.08121885508635,148.08121885508635,148.08121885508635,148.08121885508635,148.08121885508635,0.0,0.0,0.0,2720245.643416435
93,2020-04-24,2800492.1739017116,2694639.4825401036,2949295.1483928785,2800492.1739017116,2800492.1739017116,14138.298516675313,14138.298516675313,14138.298516675313,14138.298516675313,14138.298516675313,14138.298516675313,0.0,0.0,0.0,2814630.472418387
94,2020-04-25,2880886.7856058422,2761429.164024911,3029883.05388153,2880886.7856058422,2880886.7856058422,16296.429360882998,16296.429360882998,16296.429360882998,16296.429360882998,16296.429360882998,16296.429360882998,0.0,0.0,0.0,2897183.214966725
95,2020-04-26,2961281.399713613,2825021.937986286,3101304.57916285,2961281.399713613,2961281.399713613,2080.2228209735026,2080.2228209735026,2080.2228209735026,2080.2228209735026,2080.2228209735026,2080.2228209735026,0.0,0.0,0.0,2963361.6225345866
96,2020-04-27,3041676.0138213844,2893152.7571380753,3174582.0482755243,3041676.0138213844,3041676.0138213844,-10999.425019492957,-10999.425019492957,-10999.425019492957,-10999.425019492957,-10999.425019492957,-10999.425019492957,0.0,0.0,0.0,3030676.5888018915
97,2020-04-28,3122070.6279291552,2965940.3374048052,3247588.5655392404,3122070.627929155,3122070.6279291552,-14657.39855511079,-14657.39855511079,-14657.39855511079,-14657.39855511079,-14657.39855511079,-14657.39855511079,0.0,0.0,0.0,3107413.2293740446
98,2020-04-29,3202465.2420369284,3079021.6554678157,3333865.1647254564,3202465.2420369284,3202465.2420369284,-7006.208342763542,-7006.208342763542,-7006.208342763542,-7006.208342763542,-7006.208342763542,-7006.208342763542,0.0,0.0,0.0,3195459.033694165
99,2020-04-30,3282859.8561446993,3146741.857294793,3405668.2459376054,3282859.8561446993,3282859.8561446993,148.08121886017224,148.08121886017224,148.08121886017224,148.08121886017224,148.08121886017224,148.08121886017224,0.0,0.0,0.0,3283007.9373635594
100,2020-05-01,3363254.470252471,3242771.9327032166,3501578.0834763697,3363254.470252471,3363254.470252471,14138.298516631623,14138.298516631623,14138.298516631623,14138.298516631623,14138.298516631623,14138.298516631623,0.0,0.0,0.0,3377392.7687691026
101,2020-05-02,3443649.0843602433,3321309.177024354,3578785.4279957814,3443649.084360243,3443649.0843602433,16296.42936090656,16296.42936090656,16296.42936090656,16296.42936090656,16296.42936090656,16296.42936090656,0.0,0.0,0.0,3459945.51372115
102,2020-05-03,3525625.943091259,3401807.4873013967,3665497.0521293697,3525625.9430912584,3525625.943091259,2080.2228209586256,2080.2228209586256,2080.2228209586256,2080.2228209586256,2080.2228209586256,2080.2228209586256,0.0,0.0,0.0,3527706.1659122175
103,2020-05-04,3607602.801822277,3468547.8334158096,3760539.6580103533,3607602.801822277,3607602.801822277,-10999.425019497807,-10999.425019497807,-10999.425019497807,-10999.425019497807,-10999.425019497807,-10999.425019497807,0.0,0.0,0.0,3596603.376802779
104,2020-05-05,3689579.660553293,3548054.1664910577,3805852.4354403764,3689579.6605532924,3689579.660553293,-14657.39855511122,-14657.39855511122,-14657.39855511122,-14657.39855511122,-14657.39855511122,-14657.39855511122,0.0,0.0,0.0,3674922.2619981817
105,2020-05-06,3771556.5192843084,3625188.508773977,3910817.336849666,3771556.519284308,3771556.5192843084,-7006.20834275742,-7006.20834275742,-7006.20834275742,-7006.20834275742,-7006.20834275742,-7006.20834275742,0.0,0.0,0.0,3764550.310941551
106,2020-05-07,3853533.378015328,3723811.10041097,3971474.4824801544,3853533.378015328,3853533.378015328,148.08121886998683,148.08121886998683,148.08121886998683,148.08121886998683,148.08121886998683,148.08121886998683,0.0,0.0,0.0,3853681.459234198
107,2020-05-08,3935510.236746344,3825127.13558394,4064750.311022133,3935510.236746344,3935510.236746344,14138.298516644922,14138.298516644922,14138.298516644922,14138.298516644922,14138.298516644922,14138.298516644922,0.0,0.0,0.0,3949648.535262989
108,2020-05-09,4017487.09547736,3909925.600623777,4153168.642196167,4017487.0954773594,4017487.09547736,16296.429360895367,16296.429360895367,16296.429360895367,16296.429360895367,16296.429360895367,16296.429360895367,0.0,0.0,0.0,4033783.5248382553
109,2020-05-10,4099463.954208377,3962837.458691867,4218679.079427961,4099463.954208377,4099463.954208377,2080.222820943747,2080.222820943747,2080.222820943747,2080.222820943747,2080.222820943747,2080.222820943747,0.0,0.0,0.0,4101544.1770293205
110,2020-05-11,4187890.4300067383,4049866.3849704997,4306254.119049194,4187890.430006738,4187890.4300067383,-10999.425019508231,-10999.425019508231,-10999.425019508231,-10999.425019508231,-10999.425019508231,-10999.425019508231,0.0,0.0,0.0,4176891.00498723
111,2020-05-12,4276316.9058051,4128364.8353196755,4387133.489791023,4276316.9058051,4276316.9058051,-14657.398555106909,-14657.398555106909,-14657.398555106909,-14657.398555106909,-14657.398555106909,-14657.398555106909,0.0,0.0,0.0,4261659.507249993
112,2020-05-13,4364743.38160346,4237921.442263704,4488535.593679455,4364743.381603459,4364743.38160346,-7006.208342780753,-7006.208342780753,-7006.208342780753,-7006.208342780753,-7006.208342780753,-7006.208342780753,0.0,0.0,0.0,4357737.1732606795
113,2020-05-14,4453169.857401821,4335028.368881414,4586017.061626745,4453169.857401821,4453169.857401821,148.08121887980175,148.08121887980175,148.08121887980175,148.08121887980175,148.08121887980175,148.08121887980175,0.0,0.0,0.0,4453317.9386207005
114,2020-05-15,4541596.333200183,4404613.528184172,4689103.198339406,4541596.333200183,4541596.333200183,14138.29851665101,14138.29851665101,14138.29851665101,14138.29851665101,14138.29851665101,14138.29851665101,0.0,0.0,0.0,4555734.631716833
115,2020-05-16,4630022.808998544,4524148.203189097,4768396.533786099,4630022.808998544,4630022.808998544,16296.429360900704,16296.429360900704,16296.429360900704,16296.429360900704,16296.429360900704,16296.429360900704,0.0,0.0,0.0,4646319.238359445
116,2020-05-17,4718449.284796906,4594076.271552163,4870542.428326156,4718449.284796905,4718449.284796906,2080.222820936552,2080.222820936552,2080.222820936552,2080.222820936552,2080.222820936552,2080.222820936552,0.0,0.0,0.0,4720529.507617842
117,2020-05-18,4806875.760595268,4672376.571179003,4915568.505280826,4806875.760595268,4806875.760595268,-10999.42501947381,-10999.42501947381,-10999.42501947381,-10999.42501947381,-10999.42501947381,-10999.42501947381,0.0,0.0,0.0,4795876.335575794
118,2020-05-19,4906693.430293929,4740363.97350236,5061110.155318763,4906693.430293929,4906693.430293929,-14657.398555102603,-14657.398555102603,-14657.398555102603,-14657.398555102603,-14657.398555102603,-14657.398555102603,0.0,0.0,0.0,4892036.031738826
119,2020-05-20,5006511.09999259,4870927.31124541,5130009.575063245,5006511.09999259,5006511.09999259,-7006.20834277594,-7006.20834277594,-7006.20834277594,-7006.20834277594,-7006.20834277594,-7006.20834277594,0.0,0.0,0.0,4999504.891649814
120,2020-05-21,5106328.76969125,4973985.927957248,5228431.013944779,5106328.769691249,5106328.76969125,148.08121888961634,148.08121888961634,148.08121888961634,148.08121888961634,148.08121888961634,148.08121888961634,0.0,0.0,0.0,5106476.85091014
121,2020-05-22,5206146.4393899115,5089963.416849028,5343438.35003459,5206146.439389911,5206146.4393899115,14138.2985166571,14138.2985166571,14138.2985166571,14138.2985166571,14138.2985166571,14138.2985166571,0.0,0.0,0.0,5220284.737906569
122,2020-05-23,5305964.109088574,5201802.24848475,5452915.94047505,5305964.109088574,5305964.109088574,16296.42936088951,16296.42936088951,16296.42936088951,16296.42936088951,16296.42936088951,16296.42936088951,0.0,0.0,0.0,5322260.538449463
123,2020-05-24,5405781.778787235,5271594.606452253,5536420.80912582,5405781.778787235,5405781.778787235,2080.2228209939817,2080.2228209939817,2080.2228209939817,2080.2228209939817,2080.2228209939817,2080.2228209939817,0.0,0.0,0.0,5407862.001608229
124,2020-05-25,5505599.448485896,5367571.20841446,5635608.76566823,5505599.448485896,5505599.448485896,-10999.425019484235,-10999.425019484235,-10999.425019484235,-10999.425019484235,-10999.425019484235,-10999.425019484235,0.0,0.0,0.0,5494600.023466412
125,2020-05-26,5605417.118184558,5461444.722172128,5727852.128691416,5605417.118184557,5605417.118184558,-14657.398555100659,-14657.398555100659,-14657.398555100659,-14657.398555100659,-14657.398555100659,-14657.398555100659,0.0,0.0,0.0,5590759.719629457
126,2020-05-27,5719776.921372756,5599286.439467995,5839440.99594811,5719776.921372756,5719776.921372756,-7006.208342771129,-7006.208342771129,-7006.208342771129,-7006.208342771129,-7006.208342771129,-7006.208342771129,0.0,0.0,0.0,5712770.713029985
127,2020-05-28,5834136.724560957,5682465.444567508,5965989.339904138,5834136.724560957,5834136.724560957,148.0812188465771,148.0812188465771,148.0812188465771,148.0812188465771,148.0812188465771,148.0812188465771,0.0,0.0,0.0,5834284.805779804
128,2020-05-29,5948496.527749161,5838186.019280942,6083941.421208917,5948496.527749161,5948496.527749161,14138.298516620618,14138.298516620618,14138.298516620618,14138.298516620618,14138.298516620618,14138.298516620618,0.0,0.0,0.0,5962634.826265782
129,2020-05-30,6062856.330937359,5954573.895111977,6214042.136728207,6062856.330937358,6062856.330937359,16296.429360878314,16296.429360878314,16296.429360878314,16296.429360878314,16296.429360878314,16296.429360878314,0.0,0.0,0.0,6079152.760298237
130,2020-05-31,6177216.1341255605,6049696.138553435,6293498.841462376,6177216.1341255605,6177216.1341255605,2080.2228209791037,2080.2228209791037,2080.2228209791037,2080.2228209791037,2080.2228209791037,2080.2228209791037,0.0,0.0,0.0,6179296.35694654
131,2020-06-01,6291575.937313758,6139434.429735687,6430878.887458609,6291575.937313758,6291575.937313758,-10999.425019489083,-10999.425019489083,-10999.425019489083,-10999.425019489083,-10999.425019489083,-10999.425019489083,0.0,0.0,0.0,6280576.512294269
132,2020-06-02,6405935.74050196,6246378.055614884,6515537.297256741,6405935.740501959,6405935.74050196,-14657.39855509872,-14657.39855509872,-14657.39855509872,-14657.39855509872,-14657.39855509872,-14657.39855509872,0.0,0.0,0.0,6391278.341946861
133,2020-06-03,6520295.543690159,6380655.377492596,6639231.747693204,6520295.543690158,6520295.543690159,-7006.208342765007,-7006.208342765007,-7006.208342765007,-7006.208342765007,-7006.208342765007,-7006.208342765007,0.0,0.0,0.0,6513289.3353473935
134,2020-06-04,6643866.618580841,6510588.6804512935,6772179.38916035,6643866.618580841,6643866.618580841,148.0812188611205,148.0812188611205,148.0812188611205,148.0812188611205,148.0812188611205,148.0812188611205,0.0,0.0,0.0,6644014.6997997025
135,2020-06-05,6767437.69347152,6634858.767234422,6900433.324081408,6767437.693471519,6767437.69347152,14138.298516633913,14138.298516633913,14138.298516633913,14138.298516633913,14138.298516633913,14138.298516633913,0.0,0.0,0.0,6781575.991988154
136,2020-06-06,6891008.768362203,6782617.654925672,7022342.167764027,6891008.768362202,6891008.768362203,16296.429360883649,16296.429360883649,16296.429360883649,16296.429360883649,16296.429360883649,16296.429360883649,0.0,0.0,0.0,6907305.197723086
137,2020-06-07,7014579.843252885,6876474.050964351,7129758.484739548,7014579.843252884,7014579.843252885,2080.222820964226,2080.222820964226,2080.222820964226,2080.222820964226,2080.222820964226,2080.222820964226,0.0,0.0,0.0,7016660.06607385
138,2020-06-08,7138150.918143568,7013584.641883003,7255780.514887657,7138150.918143567,7138150.918143568,-10999.425019493932,-10999.425019493932,-10999.425019493932,-10999.425019493932,-10999.425019493932,-10999.425019493932,0.0,0.0,0.0,7127151.493124073
139,2020-06-09,7261721.993034249,7114891.404007088,7366251.947226362,7261721.993034249,7261721.993034249,-14657.398555110436,-14657.398555110436,-14657.398555110436,-14657.398555110436,-14657.398555110436,-14657.398555110436,0.0,0.0,0.0,7247064.594479139
140,2020-06-10,7385293.067924929,7266435.757665663,7520971.232389584,7385293.067924928,7385293.067924929,-7006.208342761505,-7006.208342761505,-7006.208342761505,-7006.208342761505,-7006.208342761505,-7006.208342761505,0.0,0.0,0.0,7378286.859582167
141,2020-06-11,7519470.096179853,7385291.525314415,7650501.940151775,7519470.096179853,7519470.096179853,148.0812188662066,148.0812188662066,148.0812188662066,148.0812188662066,148.0812188662066,148.0812188662066,0.0,0.0,0.0,7519618.17739872
142,2020-06-12,7653647.124434775,7524830.28552356,7807183.924972498,7653647.124434775,7653647.124434775,14138.298516640005,14138.298516640005,14138.298516640005,14138.298516640005,14138.298516640005,14138.298516640005,0.0,0.0,0.0,7667785.422951415
143,2020-06-13,7787824.152689704,7682406.287694041,7926338.389958637,7787824.152689703,7787824.152689704,16296.429360872453,16296.429360872453,16296.429360872453,16296.429360872453,16296.429360872453,16296.429360872453,0.0,0.0,0.0,7804120.582050576
144,2020-06-14,7922001.180944629,7797187.515999811,8055429.744099455,7922001.180944629,7922001.180944629,2080.2228210293392,2080.2228210293392,2080.2228210293392,2080.2228210293392,2080.2228210293392,2080.2228210293392,0.0,0.0,0.0,7924081.403765658
145,2020-06-15,8056178.209199551,7918517.102811424,8178302.409500355,8056178.20919955,8056178.209199551,-10999.42501949878,-10999.42501949878,-10999.42501949878,-10999.42501949878,-10999.42501949878,-10999.42501949878,0.0,0.0,0.0,8045178.784180052
146,2020-06-16,8190355.237454476,8041525.988768939,8302944.28189007,8190355.237454476,8190355.237454476,-14657.398555106127,-14657.398555106127,-14657.398555106127,-14657.398555106127,-14657.398555106127,-14657.398555106127,0.0,0.0,0.0,8175697.838899369
147,2020-06-17,8324532.265709397,8176424.732910525,8443546.418922246,8324532.265709396,8324532.265709397,-7006.208342755382,-7006.208342755382,-7006.208342755382,-7006.208342755382,-7006.208342755382,-7006.208342755382,0.0,0.0,0.0,8317526.057366642
148,2020-06-18,8458709.293964323,8297403.629626328,8587642.875380756,8458709.293964323,8458709.293964323,148.0812188760212,148.0812188760212,148.0812188760212,148.0812188760212,148.0812188760212,148.0812188760212,0.0,0.0,0.0,8458857.375183199
149,2020-06-19,8618659.79867726,8476400.813526444,8757138.985428367,8618659.79867726,8618659.79867726,14138.298516646093,14138.298516646093,14138.298516646093,14138.298516646093,14138.298516646093,14138.298516646093,0.0,0.0,0.0,8632798.097193906
150,2020-06-20,8778610.3033902,8660803.619095907,8918063.831652422,8778610.303390197,8778610.3033902,16296.429360896018,16296.429360896018,16296.429360896018,16296.429360896018,16296.429360896018,16296.429360896018,0.0,0.0,0.0,8794906.732751096
151,2020-06-21,8938560.808103133,8779470.744118903,9080290.503477355,8938560.808103133,8938560.808103133,2080.222821006779,2080.222821006779,2080.222821006779,2080.222821006779,2080.222821006779,2080.222821006779,0.0,0.0,0.0,8940641.03092414
152,2020-06-22,9098511.312816072,8964789.21894385,9216488.89388926,9098511.312816072,9098511.312816072,-10999.425019509205,-10999.425019509205,-10999.425019509205,-10999.425019509205,-10999.425019509205,-10999.425019509205,0.0,0.0,0.0,9087511.887796562
153,2020-06-23,9258461.817529013,9125973.278377743,9369329.248789683,9258461.817529012,9258461.817529013,-14657.398555106554,-14657.398555106554,-14657.398555106554,-14657.398555106554,-14657.398555106554,-14657.398555106554,0.0,0.0,0.0,9243804.418973906
154,2020-06-24,9418412.322241949,9284631.43410575,9542895.03470418,9418412.322241947,9418412.322241949,-7006.208342749261,-7006.208342749261,-7006.208342749261,-7006.208342749261,-7006.208342749261,-7006.208342749261,0.0,0.0,0.0,9411406.1138992
155,2020-06-25,9578362.826954886,9454820.455507178,9722885.763972418,9578362.826954886,9578362.826954886,148.08121883771068,148.08121883771068,148.08121883771068,148.08121883771068,148.08121883771068,148.08121883771068,0.0,0.0,0.0,9578510.908173723
156,2020-06-26,9738313.331667822,9611343.738855746,9885109.583733302,9738313.331667822,9738313.331667822,14138.29851665218,14138.29851665218,14138.29851665218,14138.29851665218,14138.29851665218,14138.29851665218,0.0,0.0,0.0,9752451.630184473
157,2020-06-27,9925064.029073162,9799194.375161057,10062629.135259371,9925064.029073162,9925064.029073162,16296.429360893093,16296.429360893093,16296.429360893093,16296.429360893093,16296.429360893093,16296.429360893093,0.0,0.0,0.0,9941360.458434055
158,2020-06-28,10111814.726478497,9966434.595521145,10242329.330140822,10111814.726478495,10111814.726478497,2080.222820999583,2080.222820999583,2080.222820999583,2080.222820999583,2080.222820999583,2080.222820999583,0.0,0.0,0.0,10113894.949299496
159,2020-06-29,10298565.423883839,10127210.640097156,10416422.389366329,10298565.423883839,10298565.423883839,-10999.425019514052,-10999.425019514052,-10999.425019514052,-10999.425019514052,-10999.425019514052,-10999.425019514052,0.0,0.0,0.0,10287565.998864325
160,2020-06-30,10485316.121289173,10330292.391628921,10601183.877312984,10485316.121289171,10485316.121289173,-14657.398555102247,-14657.398555102247,-14657.398555102247,-14657.398555102247,-14657.398555102247,-14657.398555102247,0.0,0.0,0.0,10470658.722734071
161,2020-07-01,10672066.818694515,10549408.969537195,10813327.954311483,10672066.818694515,10672066.818694515,-7006.208342772591,-7006.208342772591,-7006.208342772591,-7006.208342772591,-7006.208342772591,-7006.208342772591,0.0,0.0,0.0,10665060.610351743
162,2020-07-02,10858817.516099857,10738334.238277465,10986779.207844418,10858817.516099855,10858817.516099857,148.08121884752538,148.08121884752538,148.08121884752538,148.08121884752538,148.08121884752538,148.08121884752538,0.0,0.0,0.0,10858965.597318705
163,2020-07-03,11045568.213505192,10926818.474196918,11184557.719555458,11045568.213505192,11045568.213505192,14138.298516665478,14138.298516665478,14138.298516665478,14138.298516665478,14138.298516665478,14138.298516665478,0.0,0.0,0.0,11059706.512021856
164,2020-07-04,11232318.910910536,11109386.068600196,11396856.840898067,11232318.910910536,11232318.910910536,16296.429360890164,16296.429360890164,16296.429360890164,16296.429360890164,16296.429360890164,16296.429360890164,0.0,0.0,0.0,11248615.340271426
165,2020-07-05,11439298.095463937,11321760.216090612,11595309.955141239,11439298.095463935,11439298.095463937,2080.222820992387,2080.222820992387,2080.222820992387,2080.222820992387,2080.222820992387,2080.222820992387,0.0,0.0,0.0,11441378.318284929
166,2020-07-06,11646277.280017352,11501516.247289676,11759860.496940926,11646277.280017352,11646277.280017352,-10999.425019485207,-10999.425019485207,-10999.425019485207,-10999.425019485207,-10999.425019485207,-10999.425019485207,0.0,0.0,0.0,11635277.854997866
167,2020-07-07,11853256.464570751,11708156.425584719,11989872.805375475,11853256.464570751,11853256.464570751,-14657.398555100304,-14657.398555100304,-14657.398555100304,-14657.398555100304,-14657.398555100304,-14657.398555100304,0.0,0.0,0.0,11838599.066015651
168,2020-07-08,12060235.649124166,11925206.020404838,12204188.254904505,12060235.649124166,12060235.649124166,-7006.208342767781,-7006.208342767781,-7006.208342767781,-7006.208342767781,-7006.208342767781,-7006.208342767781,0.0,0.0,0.0,12053229.440781398
169,2020-07-09,12267214.833677575,12118692.557895835,12411191.817714565,12267214.833677575,12267214.833677575,148.08121885261147,148.08121885261147,148.08121885261147,148.08121885261147,148.08121885261147,148.08121885261147,0.0,0.0,0.0,12267362.914896427
170,2020-07-10,12474194.018230982,12371326.232533213,12626151.250345726,12474194.018230982,12474194.018230982,14138.298516664356,14138.298516664356,14138.298516664356,14138.298516664356,14138.298516664356,14138.298516664356,0.0,0.0,0.0,12488332.316747647
171,2020-07-11,12681173.20278439,12563718.03554608,12828811.278100781,12681173.20278439,12681173.20278439,16296.429360878969,16296.429360878969,16296.429360878969,16296.429360878969,16296.429360878969,16296.429360878969,0.0,0.0,0.0,12697469.632145269
172,2020-07-12,12888152.38733779,12773925.882233571,13034145.519209366,12888152.387337789,12888152.38733779,2080.2228209698264,2080.2228209698264,2080.2228209698264,2080.2228209698264,2080.2228209698264,2080.2228209698264,0.0,0.0,0.0,12890232.61015876
173,2020-07-13,13118155.340382801,12972278.413716268,13230464.375437154,13118155.3403828,13118155.340382801,-10999.425019490056,-10999.425019490056,-10999.425019490056,-10999.425019490056,-10999.425019490056,-10999.425019490056,0.0,0.0,0.0,13107155.915363312
174,2020-07-14,13348158.2934278,13206935.220348313,13463582.159564339,13348158.293427799,13348158.2934278,-14657.398555098365,-14657.398555098365,-14657.398555098365,-14657.398555098365,-14657.398555098365,-14657.398555098365,0.0,0.0,0.0,13333500.894872703
175,2020-07-15,13578161.246472806,13454983.906810243,13708230.313114941,13578161.246472806,13578161.246472806,-7006.208342762967,-7006.208342762967,-7006.208342762967,-7006.208342762967,-7006.208342762967,-7006.208342762967,0.0,0.0,0.0,13571155.038130043
176,2020-07-16,13808164.199517803,13640200.49061146,13934505.60974341,13808164.199517801,13808164.199517803,148.08121885769734,148.08121885769734,148.08121885769734,148.08121885769734,148.08121885769734,148.08121885769734,0.0,0.0,0.0,13808312.28073666
177,2020-07-17,14038167.152562808,13903906.3481655,14227262.6592697,14038167.152562808,14038167.152562808,14138.298516635083,14138.298516635083,14138.298516635083,14138.298516635083,14138.298516635083,14138.298516635083,0.0,0.0,0.0,14052305.451079443
178,2020-07-18,14268170.105607813,14168210.522588853,14413846.18182474,14268170.105607811,14268170.105607813,16296.429360902534,16296.429360902534,16296.429360902534,16296.429360902534,16296.429360902534,16296.429360902534,0.0,0.0,0.0,14284466.534968715
179,2020-07-19,14498173.058652814,14376984.518230576,14637917.877728023,14498173.058652814,14498173.058652814,2080.2228209626305,2080.2228209626305,2080.2228209626305,2080.2228209626305,2080.2228209626305,2080.2228209626305,0.0,0.0,0.0,14500253.281473776
180,2020-07-20,14748490.816599367,14582148.832542244,14869515.462767398,14748490.816599365,14748490.816599367,-10999.42501950048,-10999.42501950048,-10999.42501950048,-10999.42501950048,-10999.42501950048,-10999.42501950048,0.0,0.0,0.0,14737491.391579866
181,2020-07-21,14998808.574545914,14856904.942428144,15106838.82642408,14998808.574545912,14998808.574545914,-14657.398555096423,-14657.398555096423,-14657.398555096423,-14657.398555096423,-14657.398555096423,-14657.398555096423,0.0,0.0,0.0,14984151.175990818
182,2020-07-22,15249126.332492467,15101903.935638431,15379341.493984358,15249126.332492467,15249126.332492467,-7006.208342784989,-7006.208342784989,-7006.208342784989,-7006.208342784989,-7006.208342784989,-7006.208342784989,0.0,0.0,0.0,15242120.124149682
183,2020-07-23,15499444.090439012,15337935.902306179,15620718.604432756,15499444.09043901,15499444.090439012,148.08121887224067,148.08121887224067,148.08121887224067,148.08121887224067,148.08121887224067,148.08121887224067,0.0,0.0,0.0,15499592.171657884
184,2020-07-24,15749761.848385567,15627107.088728808,15907497.188635375,15749761.848385565,15749761.848385567,14138.298516641175,14138.298516641175,14138.298516641175,14138.298516641175,14138.298516641175,14138.298516641175,0.0,0.0,0.0,15763900.146902207
185,2020-07-25,16000079.606332112,15888464.251300694,16142561.483494349,16000079.606332112,16000079.606332112,16296.429360899601,16296.429360899601,16296.429360899601,16296.429360899601,16296.429360899601,16296.429360899601,0.0,0.0,0.0,16016376.035693012
186,2020-07-26,16250397.364278667,16124114.164329482,16384846.13756092,16250397.364278667,16250397.364278667,2080.2228209477526,2080.2228209477526,2080.2228209477526,2080.2228209477526,2080.2228209477526,2080.2228209477526,0.0,0.0,0.0,16252477.587099614
187,2020-07-27,16500715.12222522,16350109.916012593,16631411.041173067,16500715.122225218,16500715.12222522,-10999.425019499753,-10999.425019499753,-10999.425019499753,-10999.425019499753,-10999.425019499753,-10999.425019499753,0.0,0.0,0.0,16489715.69720572
188,2020-07-28,16748748.65322443,16602066.672370356,16859288.07608886,16748748.653224427,16748748.65322443,-14657.39855510577,-14657.39855510577,-14657.39855510577,-14657.39855510577,-14657.39855510577,-14657.39855510577,0.0,0.0,0.0,16734091.254669324
189,2020-07-29,16996782.184223644,16836140.36868428,17146539.21784979,16996782.184223644,16996782.184223644,-7006.208342781488,-7006.208342781488,-7006.208342781488,-7006.208342781488,-7006.208342781488,-7006.208342781488,0.0,0.0,0.0,16989775.97588086
190,2020-07-30,17244815.715222854,17126344.12203169,17359022.02039072,17244815.71522285,17244815.715222854,148.08121887732676,148.08121887732676,148.08121887732676,148.08121887732676,148.08121887732676,148.08121887732676,0.0,0.0,0.0,17244963.79644173
191,2020-07-31,17492849.246222064,17365658.97333952,17632875.607362997,17492849.246222064,17492849.246222064,14138.29851664726,14138.29851664726,14138.29851664726,14138.29851664726,14138.29851664726,14138.29851664726,0.0,0.0,0.0,17506987.54473871
192,2020-08-01,17740882.777221274,17628008.47188496,17879728.777839374,17740882.77722127,17740882.777221274,16296.429360896676,16296.429360896676,16296.429360896676,16296.429360896676,16296.429360896676,16296.429360896676,0.0,0.0,0.0,17757179.20658217
193,2020-08-02,17988916.308220487,17875546.070769317,18124664.38216374,17988916.308220483,17988916.308220487,2080.222821012865,2080.222821012865,2080.222821012865,2080.222821012865,2080.222821012865,2080.222821012865,0.0,0.0,0.0,17990996.5310415
194,2020-08-03,18236949.83921969,18083732.314571157,18342291.586230785,18236949.83921969,18236949.83921969,-10999.425019510178,-10999.425019510178,-10999.425019510178,-10999.425019510178,-10999.425019510178,-10999.425019510178,0.0,0.0,0.0,18225950.41420018
195,2020-08-04,18484983.370218914,18341176.721501745,18626713.48062923,18484983.37021891,18484983.370218914,-14657.398555103831,-14657.398555103831,-14657.398555103831,-14657.398555103831,-14657.398555103831,-14657.398555103831,0.0,0.0,0.0,18470325.97166381
196,2020-08-05,18748416.678411216,18609804.54174456,18857171.05736839,18748416.678411216,18748416.678411216,-7006.208342775366,-7006.208342775366,-7006.208342775366,-7006.208342775366,-7006.208342775366,-7006.208342775366,0.0,0.0,0.0,18741410.47006844
197,2020-08-06,19011849.986603513,18890728.05492069,19141028.16518981,19011849.986603513,19011849.986603513,148.08121888714146,148.08121888714146,148.08121888714146,148.08121888714146,148.08121888714146,148.08121888714146,0.0,0.0,0.0,19011998.0678224
198,2020-08-07,19275283.294795815,19144207.591630626,19419296.73475889,19275283.294795815,19275283.294795815,14138.298516653349,14138.298516653349,14138.298516653349,14138.298516653349,14138.298516653349,14138.298516653349,0.0,0.0,0.0,19289421.59331247
199,2020-08-08,19538716.6029881,19413612.37417445,19699342.705683272,19538716.6029881,19538716.6029881,16296.42936088548,16296.42936088548,16296.42936088548,16296.42936088548,16296.42936088548,16296.42936088548,0.0,0.0,0.0,19555013.032348987
200,2020-08-09,19802149.911180407,19670789.66149521,19961475.737285823,19802149.911180407,19802149.911180407,2080.2228209903064,2080.2228209903064,2080.2228209903064,2080.2228209903064,2080.2228209903064,2080.2228209903064,0.0,0.0,0.0,19804230.134001397
201,2020-08-10,20065583.2193727,19927621.336832814,20201638.84689809,20065583.2193727,20065583.2193727,-10999.425019520604,-10999.425019520604,-10999.425019520604,-10999.425019520604,-10999.425019520604,-10999.425019520604,0.0,0.0,0.0,20054583.79435318
202,2020-08-11,20329016.527565002,20198825.668970164,20430964.016567282,20329016.527565002,20329016.527565002,-14657.39855510189,-14657.39855510189,-14657.39855510189,-14657.39855510189,-14657.39855510189,-14657.39855510189,0.0,0.0,0.0,20314359.1290099
203,2020-08-12,20592449.835757304,20452285.00801664,20708916.678127855,20592449.8357573,20592449.835757304,-7006.208342770555,-7006.208342770555,-7006.208342770555,-7006.208342770555,-7006.208342770555,-7006.208342770555,0.0,0.0,0.0,20585443.627414532
204,2020-08-13,20855883.1439496,20703900.882749587,20999427.105657067,20855883.143949598,20855883.1439496,148.08121884883093,148.08121884883093,148.08121884883093,148.08121884883093,148.08121884883093,148.08121884883093,0.0,0.0,0.0,20856031.22516845
205,2020-08-14,21119316.452141903,20978288.991809666,21260277.559075795,21119316.452141903,21119316.452141903,14138.29851662408,14138.29851662408,14138.29851662408,14138.29851662408,14138.29851662408,14138.29851662408,0.0,0.0,0.0,21133454.750658527
206,2020-08-15,21382749.760334197,21262483.584656157,21528277.19668476,21382749.760334194,21382749.760334197,16296.429360890816,16296.429360890816,16296.429360890816,16296.429360890816,16296.429360890816,16296.429360890816,0.0,0.0,0.0,21399046.18969509
207,2020-08-16,21646183.068526503,21517101.687354073,21770921.939244315,21646183.068526503,21646183.068526503,2080.22282098311,2080.22282098311,2080.22282098311,2080.22282098311,2080.22282098311,2080.22282098311,0.0,0.0,0.0,21648263.291347485
208,2020-08-17,21909616.37671879,21761242.437298354,22042336.068917304,21909616.37671879,21909616.37671879,-10999.425019519873,-10999.425019519873,-10999.425019519873,-10999.425019519873,-10999.425019519873,-10999.425019519873,0.0,0.0,0.0,21898616.951699268
209,2020-08-18,22173049.68491109,22032395.081824213,22283109.113783985,22173049.68491109,22173049.68491109,-14657.398555113608,-14657.398555113608,-14657.398555113608,-14657.398555113608,-14657.398555113608,-14657.398555113608,0.0,0.0,0.0,22158392.286355976
210,2020-08-19,22436482.99310339,22304181.16754713,22576178.50305081,22436482.993103385,22436482.99310339,-7006.208342765743,-7006.208342765743,-7006.208342765743,-7006.208342765743,-7006.208342765743,-7006.208342765743,0.0,0.0,0.0,22429476.784760624
211,2020-08-20,22699916.30129569,22576280.46225583,22839064.941728912,22699916.30129569,22699916.30129569,148.08121885864563,148.08121885864563,148.08121885864563,148.08121885864563,148.08121885864563,148.08121885864563,0.0,0.0,0.0,22700064.382514548
212,2020-08-21,22963349.60948799,22849258.828982845,23112087.39438893,22963349.609487988,22963349.60948799,14138.298516637376,14138.298516637376,14138.298516637376,14138.298516637376,14138.298516637376,14138.298516637376,0.0,0.0,0.0,22977487.90800463
213,2020-08-22,23226782.91768029,23099037.274903245,23352923.901200287,23226782.917680286,23226782.91768029,16296.42936087962,16296.42936087962,16296.42936087962,16296.42936087962,16296.42936087962,16296.42936087962,0.0,0.0,0.0,23243079.34704117
214,2020-08-23,23490216.22587259,23375369.60225559,23608577.290029436,23490216.22587259,23490216.22587259,2080.222820968231,2080.222820968231,2080.222820968231,2080.222820968231,2080.222820968231,2080.222820968231,0.0,0.0,0.0,23492296.44869356
215,2020-08-24,23753649.534064885,23610786.533255495,23901132.030320458,23753649.534064885,23753649.534064885,-10999.425019496606,-10999.425019496606,-10999.425019496606,-10999.425019496606,-10999.425019496606,-10999.425019496606,0.0,0.0,0.0,23742650.10904539
216,2020-08-25,24017082.842257183,23876271.655179456,24114840.704193193,24017082.842257183,24017082.842257183,-14657.398555109297,-14657.398555109297,-14657.398555109297,-14657.398555109297,-14657.398555109297,-14657.398555109297,0.0,0.0,0.0,24002425.443702072
217,2020-08-26,24280516.150449477,24144742.693960153,24399312.79410825,24280516.150449477,24280516.150449477,-7006.208342760931,-7006.208342760931,-7006.208342760931,-7006.208342760931,-7006.208342760931,-7006.208342760931,0.0,0.0,0.0,24273509.942106716
218,2020-08-27,24543949.45864178,24424389.39523136,24683236.146024078,24543949.458641775,24543949.45864178,148.08121886373172,148.08121886373172,148.08121886373172,148.08121886373172,148.08121886373172,148.08121886373172,0.0,0.0,0.0,24544097.539860643
219,2020-08-28,24807382.766834076,24688410.446830906,24972126.28220997,24807382.766834073,24807382.766834076,14138.298516636254,14138.298516636254,14138.298516636254,14138.298516636254,14138.298516636254,14138.298516636254,0.0,0.0,0.0,24821521.06535071
220,2020-08-29,25070816.075026378,24957956.93130914,25241430.39302724,25070816.075026378,25070816.075026378,16296.429360903185,16296.429360903185,16296.429360903185,16296.429360903185,16296.429360903185,16296.429360903185,0.0,0.0,0.0,25087112.50438728
221,2020-08-30,25334249.38321868,25202945.673145615,25463178.726259947,25334249.383218676,25334249.38321868,2080.2228209533528,2080.2228209533528,2080.2228209533528,2080.2228209533528,2080.2228209533528,2080.2228209533528,0.0,0.0,0.0,25336329.606039632
222,2020-08-31,25597682.691410977,25459470.33842374,25704538.723760176,25597682.691410974,25597682.691410977,-10999.425019501456,-10999.425019501456,-10999.425019501456,-10999.425019501456,-10999.425019501456,-10999.425019501456,0.0,0.0,0.0,25586683.266391475
223,2020-09-01,25861115.99960328,25718125.101855364,25976050.138464343,25861115.99960328,25861115.99960328,-14657.398555109728,-14657.398555109728,-14657.398555109728,-14657.398555109728,-14657.398555109728,-14657.398555109728,0.0,0.0,0.0,25846458.601048168
224,2020-09-02,26124549.307795566,25972858.409240052,26259422.626994617,26124549.307795566,26124549.307795566,-7006.208342754808,-7006.208342754808,-7006.208342754808,-7006.208342754808,-7006.208342754808,-7006.208342754808,0.0,0.0,0.0,26117543.099452812
225,2020-09-03,26387982.61598787,26267665.979668926,26523251.109667838,26387982.61598787,26387982.61598787,148.08121887827502,148.08121887827502,148.08121887827502,148.08121887827502,148.08121887827502,148.08121887827502,0.0,0.0,0.0,26388130.69720675
226,2020-09-04,26651415.924180165,26544862.10931485,26792554.393350787,26651415.924180165,26651415.924180165,14138.298516649553,14138.298516649553,14138.298516649553,14138.298516649553,14138.298516649553,14138.298516649553,0.0,0.0,0.0,26665554.222696815
227,2020-09-05,26914849.232372466,26797189.85682719,27060685.14139521,26914849.232372463,26914849.232372466,16296.42936090026,16296.42936090026,16296.42936090026,16296.42936090026,16296.42936090026,16296.42936090026,0.0,0.0,0.0,26931145.661733367
228,2020-09-06,27178282.540564764,27042700.675008267,27305130.751160737,27178282.54056476,27178282.540564764,2080.2228209384743,2080.2228209384743,2080.2228209384743,2080.2228209384743,2080.2228209384743,2080.2228209384743,0.0,0.0,0.0,27180362.763385702
229,2020-09-07,27441715.848757066,27299207.082800463,27563606.108559497,27441715.848757066,27441715.848757066,-10999.425019511878,-10999.425019511878,-10999.425019511878,-10999.425019511878,-10999.425019511878,-10999.425019511878,0.0,0.0,0.0,27430716.423737556
230,2020-09-08,27705149.156949367,27548305.929718427,27810524.99314195,27705149.156949364,27705149.156949367,-14657.398555105417,-14657.398555105417,-14657.398555105417,-14657.398555105417,-14657.398555105417,-14657.398555105417,0.0,0.0,0.0,27690491.758394264
231,2020-09-09,27968582.46514166,27847476.400631107,28092154.27782714,27968582.46514166,27968582.46514166,-7006.20834277814,-7006.20834277814,-7006.20834277814,-7006.20834277814,-7006.20834277814,-7006.20834277814,0.0,0.0,0.0,27961576.256798882
232,2020-09-10,28232015.773333967,28110384.42257341,28371171.046007663,28232015.773333967,28232015.773333967,148.08121883523577,148.08121883523577,148.08121883523577,148.08121883523577,148.08121883523577,148.08121883523577,0.0,0.0,0.0,28232163.8545528
233,2020-09-11,28495449.081526253,28376189.62652834,28632622.39309425,28495449.081526253,28495449.081526253,14138.29851665564,14138.29851665564,14138.29851665564,14138.29851665564,14138.29851665564,14138.29851665564,0.0,0.0,0.0,28509587.38004291
234,2020-09-12,28758882.389718555,28643860.16231707,28900744.59822279,28758882.389718555,28758882.389718555,16296.429360897331,16296.429360897331,16296.429360897331,16296.429360897331,16296.429360897331,16296.429360897331,0.0,0.0,0.0,28775178.81907945
235,2020-09-13,29022315.697910853,28884088.838881925,29156909.215406537,29022315.697910853,29022315.697910853,2080.222820931279,2080.222820931279,2080.222820931279,2080.222820931279,2080.222820931279,2080.222820931279,0.0,0.0,0.0,29024395.920731783
236,2020-09-14,29285749.006103154,29154995.285180427,29399998.786869183,29285749.00610315,29285749.006103154,-10999.42501947746,-10999.42501947746,-10999.42501947746,-10999.42501947746,-10999.42501947746,-10999.42501947746,0.0,0.0,0.0,29274749.581083678
237,2020-09-15,29549182.314295456,29403917.70970401,29669518.98927783,29549182.314295456,29549182.314295456,-14657.398555101106,-14657.398555101106,-14657.398555101106,-14657.398555101106,-14657.398555101106,-14657.398555101106,0.0,0.0,0.0,29534524.915740356
238,2020-09-16,29812615.622487754,29682729.947023995,29949733.374099463,29812615.622487754,29812615.622487754,-7006.2083427733305,-7006.2083427733305,-7006.2083427733305,-7006.2083427733305,-7006.2083427733305,-7006.2083427733305,0.0,0.0,0.0,29805609.41414498
239,2020-09-17,30076048.930680055,29942444.83369899,30217714.401505902,30076048.93068005,30076048.930680055,148.0812188450505,148.0812188450505,148.0812188450505,148.0812188450505,148.0812188450505,148.0812188450505,0.0,0.0,0.0,30076197.0118989
240,2020-09-18,30339482.23887235,30231756.016409695,30485624.659674585,30339482.23887235,30339482.23887235,14138.298516661729,14138.298516661729,14138.298516661729,14138.298516661729,14138.298516661729,14138.298516661729,0.0,0.0,0.0,30353620.53738901
241,2020-09-19,30602915.547064647,30470143.078763485,30744822.562956817,30602915.547064647,30602915.547064647,16296.429360886132,16296.429360886132,16296.429360886132,16296.429360886132,16296.429360886132,16296.429360886132,0.0,0.0,0.0,30619211.976425532
242,2020-09-20,30866348.85525694,30742582.16864279,30994015.36948255,30866348.855256937,30866348.85525694,2080.222820981028,2080.222820981028,2080.222820981028,2080.222820981028,2080.222820981028,2080.222820981028,0.0,0.0,0.0,30868429.078077924
243,2020-09-21,31129782.16344925,30994100.000242367,31295507.5786203,31129782.16344925,31129782.16344925,-10999.425019487884,-10999.425019487884,-10999.425019487884,-10999.425019487884,-10999.425019487884,-10999.425019487884,0.0,0.0,0.0,31118782.738429762
244,2020-09-22,31393215.471641544,31253353.964964848,31530015.750459544,31393215.47164154,31393215.471641544,-14657.398555101534,-14657.398555101534,-14657.398555101534,-14657.398555101534,-14657.398555101534,-14657.398555101534,0.0,0.0,0.0,31378558.073086444
245,2020-09-23,31656648.779833842,31516157.987697646,31811418.829081636,31656648.77983384,31656648.779833842,-7006.2083427685175,-7006.2083427685175,-7006.2083427685175,-7006.2083427685175,-7006.2083427685175,-7006.2083427685175,0.0,0.0,0.0,31649642.571491074
246,2020-09-24,31920082.088026136,31777944.96166516,32063180.187540025,31899403.397805244,31964323.02577254,148.0812188501366,148.0812188501366,148.0812188501366,148.0812188501366,148.0812188501366,148.0812188501366,0.0,0.0,0.0,31920230.169244986
247,2020-09-25,32183515.396218445,32083805.790979575,32341045.07999316,32127816.621371694,32276783.038340382,14138.298516625247,14138.298516625247,14138.298516625247,14138.298516625247,14138.298516625247,14138.298516625247,0.0,0.0,0.0,32197653.69473507
248,2020-09-26,32446948.704410728,32339443.053948123,32615103.423532862,32353662.939565636,32590566.70730561,16296.429360874938,16296.429360874938,16296.429360874938,16296.429360874938,16296.429360874938,16296.429360874938,0.0,0.0,0.0,32463245.133771602
249,2020-09-27,32710382.012603037,32519078.00567431,32933364.257184997,32576412.151695024,32913084.528970577,2080.222820973832,2080.222820973832,2080.222820973832,2080.222820973832,2080.222820973832,2080.222820973832,0.0,0.0,0.0,32712462.235424012
250,2020-09-28,32973815.32079533,32754454.52077125,33271705.54627943,32800685.715007246,33247682.881807942,-10999.425019492728,-10999.425019492728,-10999.425019492728,-10999.425019492728,-10999.425019492728,-10999.425019492728,0.0,0.0,0.0,32962815.89577584
